{
  "beninCentroid": [
    232.5826815700376,
    355.48772315615986
  ],
  "viewBox": [
    800,
    900
  ]
}